date,total_pnl,n_trades,total_volume,sentiment_value,classification,sentiment_value_lag1
2023-05-01,0.0,3,477.0,63.0,Greed,
2023-12-05,0.0,9,50005.83,75.0,Extreme Greed,63.0
2023-12-14,-205.43473700000007,11,113203.35,72.0,Greed,75.0
2023-12-15,-24.632033999999997,2,10609.95,70.0,Greed,72.0
2023-12-16,0.0,3,15348.77,67.0,Greed,70.0
2023-12-17,304.982785,14,116278.02,73.0,Greed,67.0
2023-12-18,0.0,2,31164.179999999997,65.0,Greed,73.0
2023-12-19,1000.5386120000001,15,91602.41,73.0,Greed,65.0
2023-12-20,162.732282,18,141636.79,74.0,Greed,73.0
2023-12-21,537.211402,49,125233.97,70.0,Greed,74.0
2023-12-22,141.832675,10,88874.28,74.0,Greed,70.0
2023-12-23,146.936704,13,78438.25,70.0,Greed,74.0
2023-12-24,1008.619956,39,402954.94,71.0,Greed,70.0
2023-12-25,-245.081348,3,59948.51,73.0,Greed,71.0
2023-12-27,-704.8892269999999,28,171411.06,73.0,Greed,73.0
2023-12-28,-970.730876,23,100117.25,73.0,Greed,73.0
2023-12-29,508.92214299999995,50,569559.72,65.0,Greed,73.0
2023-12-30,354.998648,52,702550.21,68.0,Greed,65.0
2024-01-01,-129.53146,18,264239.52999999997,65.0,Greed,68.0
2024-01-02,783.979116,17,121348.74,71.0,Greed,65.0
2024-01-03,866.015507,67,394499.36,70.0,Greed,71.0
2024-01-04,-67.60364,5,99792.54000000001,68.0,Greed,70.0
2024-01-05,164.141565,66,1703942.66,72.0,Greed,68.0
2024-01-06,135.58166400000002,22,298521.4,70.0,Greed,72.0
2024-01-07,-835.681235,97,1048850.06,71.0,Greed,70.0
2024-01-08,-269.874439,128,1522452.43,71.0,Greed,71.0
2024-01-09,-826.349863,70,870051.97,76.0,Extreme Greed,71.0
2024-01-10,-1517.091342,193,2057479.48,73.0,Greed,76.0
2024-01-11,-164.08950099999998,21,305314.1,76.0,Extreme Greed,73.0
2024-01-12,-1925.519024,7,200082.27,71.0,Greed,76.0
2024-01-15,152.85358,14,50636.1,52.0,Neutral,71.0
2024-01-16,-2299.171458,9,116427.33,64.0,Greed,52.0
2024-01-17,813.2741110000001,53,800831.03,60.0,Greed,64.0
2024-01-18,68.93319,46,424631.52999999997,63.0,Greed,60.0
2024-01-19,-385.419235,48,428428.97,51.0,Neutral,63.0
2024-01-20,-146.57487000000003,106,1070090.51,52.0,Neutral,51.0
2024-01-21,266.58114600000005,11,103129.74,56.0,Greed,52.0
2024-01-22,1375.640959,85,337878.99,55.0,Greed,56.0
2024-01-23,-369.2447299999998,45,414518.93000000005,50.0,Neutral,55.0
2024-01-24,-2808.353815,68,965084.59,48.0,Neutral,50.0
2024-01-25,-3093.6293849999997,6,66566.13,52.0,Neutral,48.0
2024-01-26,90.2,5,11773.21,49.0,Neutral,52.0
2024-01-28,-2478.06972,11,18109.03,54.0,Neutral,49.0
2024-01-29,486.562542,74,414208.18,55.0,Greed,54.0
2024-01-30,-173.65419100000003,49,401011.38,61.0,Greed,55.0
2024-01-31,-799.840817,859,6305647.13,60.0,Greed,61.0
2024-02-01,0.0,6,2008.18,63.0,Greed,60.0
2024-02-02,456.423473,42,474278.43,63.0,Greed,63.0
2024-02-03,223.30918699999998,56,603820.0,60.0,Greed,63.0
2024-02-04,47.62389499999999,35,203187.53,60.0,Greed,60.0
2024-02-05,-33.45419400000003,72,770198.26,60.0,Greed,60.0
2024-02-06,-215.615907,1088,8047153.41,64.0,Greed,60.0
2024-02-07,241.24212,15,6758.73,62.0,Greed,64.0
2024-02-08,770.756024,10,26051.12,66.0,Greed,62.0
2024-02-11,983.443176,34,212311.82,71.0,Greed,66.0
2024-02-12,913.8817869999998,16,227247.69999999998,70.0,Greed,71.0
2024-02-13,559.44389,14,1999.99,79.0,Extreme Greed,70.0
2024-02-14,3830.599833,111,320839.88,74.0,Greed,79.0
2024-02-15,1840.797677,63,185188.04,72.0,Greed,74.0
2024-02-16,5491.768834,182,564896.51,72.0,Greed,72.0
2024-02-17,1929.6418,94,406118.07,76.0,Extreme Greed,72.0
2024-02-18,477.6248299999999,97,157048.17,72.0,Greed,76.0
2024-02-19,4317.768563,101,286377.2,75.0,Extreme Greed,72.0
2024-02-20,3263.628824,39,119419.72,72.0,Greed,75.0
2024-02-21,1858.7985700000002,22,108047.51999999999,78.0,Extreme Greed,72.0
2024-02-22,3894.1050699999996,88,373033.87,74.0,Greed,78.0
2024-02-23,1418.55293,143,111106.14,76.0,Extreme Greed,74.0
2024-02-25,-30.7705,5,4480.13,74.0,Greed,76.0
2024-02-26,4416.8473,39,192187.14,72.0,Greed,74.0
2024-02-27,888.511733,63,209362.3,79.0,Extreme Greed,72.0
2024-02-28,2503.747235,45,171107.13,82.0,Extreme Greed,79.0
2024-02-29,9813.996992,116,395666.73,80.0,Extreme Greed,82.0
2024-03-01,8244.241409,137,472974.7,80.0,Extreme Greed,80.0
2024-03-02,230.90060000000005,31,63197.56,80.0,Extreme Greed,80.0
2024-03-03,8361.086245,79,390745.68,83.0,Extreme Greed,80.0
2024-03-04,27799.775742,300,1577996.87,82.0,Extreme Greed,83.0
2024-03-05,19791.026041,180,841810.32,90.0,Extreme Greed,82.0
2024-03-06,6814.825139,82,327218.02,75.0,Extreme Greed,90.0
2024-03-08,4271.886236,67,183583.18,81.0,Extreme Greed,75.0
2024-03-09,9949.501624,117,658178.75,84.0,Extreme Greed,81.0
2024-03-10,2482.9272,42,219973.85,79.0,Extreme Greed,84.0
2024-03-11,3588.179495,42,176519.44999999998,82.0,Extreme Greed,79.0
2024-03-12,3039.166,8,103040.85,81.0,Extreme Greed,82.0
2024-03-13,0.0,7,6000.799999999999,81.0,Extreme Greed,81.0
2024-03-14,3465.865832,18,205933.18,88.0,Extreme Greed,81.0
2024-03-15,6236.513651,62,351894.41,83.0,Extreme Greed,88.0
2024-03-16,228.57984,8,37223.66,81.0,Extreme Greed,83.0
2024-03-17,503.293955,23,99506.95,79.0,Extreme Greed,81.0
2024-03-18,1456.9577,19,90458.08,77.0,Extreme Greed,79.0
2024-03-19,668.797973,24,219884.84,79.0,Extreme Greed,77.0
2024-03-20,6423.134599,69,215705.85,74.0,Greed,79.0
2024-03-21,2335.5080749999997,28,117895.57,78.0,Extreme Greed,74.0
2024-03-24,1297.018477,19,92592.20999999999,74.0,Greed,78.0
2024-03-25,1302.916428,7,57116.32,75.0,Extreme Greed,74.0
2024-03-26,3215.906593,118,198565.19,81.0,Extreme Greed,75.0
2024-03-27,150.41114,38,99864.79,83.0,Extreme Greed,81.0
2024-03-28,227.85100799999998,13,35323.72,80.0,Extreme Greed,83.0
2024-03-29,883.097404,15,86914.37,79.0,Extreme Greed,80.0
2024-03-30,1100.57514,45,101103.92,75.0,Extreme Greed,79.0
2024-03-31,912.786145,13,39912.96,75.0,Extreme Greed,75.0
2024-04-01,2507.963406,77,339470.47,79.0,Extreme Greed,75.0
2024-04-02,883.760812,41,239664.50999999998,79.0,Extreme Greed,79.0
2024-04-03,126.7884,4,16887.57,71.0,Greed,79.0
2024-04-04,0.0,32,95987.73,70.0,Greed,71.0
2024-04-05,10706.484306,100,503791.8,79.0,Extreme Greed,70.0
2024-04-06,236.33513399999998,16,68223.67,75.0,Extreme Greed,79.0
2024-04-07,0.0,23,49988.14,78.0,Extreme Greed,75.0
2024-04-08,1218.4267,30,211940.64,76.0,Extreme Greed,78.0
2024-04-09,0.0,3,57063.840000000004,80.0,Extreme Greed,76.0
2024-04-10,5207.443414,41,351735.97,78.0,Extreme Greed,80.0
2024-04-11,389.743164,16,76400.96,76.0,Extreme Greed,78.0
2024-04-12,-592.6458390000001,129,442088.59,79.0,Extreme Greed,76.0
2024-04-13,6621.451755,89,486411.25,72.0,Greed,79.0
2024-04-14,-36104.012520000004,107,659162.17,72.0,Greed,72.0
2024-04-15,3774.08872,41,291111.19,74.0,Greed,72.0
2024-04-16,2467.702221,47,181907.17,65.0,Greed,74.0
2024-04-17,2441.4683999999997,14,97562.99,67.0,Greed,65.0
2024-04-19,1946.4454620000001,35,337257.92000000004,66.0,Greed,67.0
2024-04-20,0.0,22,60733.24,66.0,Greed,66.0
2024-04-22,0.0,9,47993.61,73.0,Greed,66.0
2024-04-23,1119.536196,66,233054.9,71.0,Greed,73.0
2024-04-24,279.185907,20,141275.24,72.0,Greed,71.0
2024-04-25,0.0,74,120241.01,72.0,Greed,72.0
2024-04-26,0.0,3,4988.290000000001,70.0,Greed,72.0
2024-04-27,4281.488139,27,154264.47,67.0,Greed,70.0
2024-04-28,0.0,58,43985.6,65.0,Greed,67.0
2024-04-29,526.9338359999999,45,108699.01,67.0,Greed,65.0
2024-04-30,0.0,24,125018.75,67.0,Greed,67.0
2024-05-01,0.0,14,87025.45,54.0,Neutral,67.0
2024-05-03,5306.017045,36,282682.64999999997,48.0,Neutral,54.0
2024-05-04,0.0,9,58998.75,67.0,Greed,48.0
2024-05-05,0.916,6,24068.350000000002,69.0,Greed,67.0
2024-05-06,968.59038,9,206016.43,71.0,Greed,69.0
2024-05-07,883.537693,18,108717.58,68.0,Greed,71.0
2024-05-08,1.56576,13,65973.57,64.0,Greed,68.0
2024-05-09,1147.595856,28,221966.12,55.0,Greed,64.0
2024-05-10,2101.741695,22,156882.0,66.0,Greed,55.0
2024-05-11,251.604742,9,63248.95,53.0,Neutral,66.0
2024-05-12,0.0,23,55179.56,56.0,Greed,53.0
2024-05-13,2136.853859,28,193118.9,57.0,Greed,56.0
2024-05-14,1150.5233050000002,23,145853.4,66.0,Greed,57.0
2024-05-15,948.970582,36,234922.57,64.0,Greed,66.0
2024-05-16,214.5898,27,162620.96,70.0,Greed,64.0
2024-05-18,3522.3946610000003,25,126303.14,73.0,Greed,70.0
2024-05-19,0.0,8,29998.09,72.0,Greed,73.0
2024-05-20,-74.818442,10,38124.75,70.0,Greed,72.0
2024-05-21,7289.397571999999,125,1100948.59,76.0,Extreme Greed,70.0
2024-05-22,0.0,6,44995.29,76.0,Extreme Greed,76.0
2024-05-23,413.347329,325,401850.6,76.0,Extreme Greed,76.0
2024-05-24,821.949278,2,50811.899999999994,74.0,Greed,76.0
2024-05-25,14.126038999999999,16,29991.129999999997,76.0,Extreme Greed,74.0
2024-05-26,778.6839,16,53976.67,75.0,Extreme Greed,76.0
2024-05-27,1129.35587,251,151115.72,74.0,Greed,75.0
2024-05-29,277.791953,164,84268.76,72.0,Greed,74.0
2024-05-30,20.951433,7,2838.09,73.0,Greed,72.0
2024-05-31,25.35812,13,3636.14,73.0,Greed,73.0
2024-06-01,91.510419,25,12834.62,72.0,Greed,73.0
2024-06-02,192.906947,93,29464.51,73.0,Greed,72.0
2024-06-03,562.808208,70,21466.86,73.0,Greed,73.0
2024-06-04,52.211438,53,24243.41,73.0,Greed,73.0
2024-06-05,56.055506,54,25350.77,75.0,Extreme Greed,73.0
2024-06-06,274.173187,234,137557.76,78.0,Extreme Greed,75.0
2024-06-07,8902.467416,440,1098588.76,77.0,Extreme Greed,78.0
2024-06-08,129.13883900000002,29,97351.88,72.0,Greed,77.0
2024-06-09,0.0,17,22410.22,75.0,Extreme Greed,72.0
2024-06-10,31.266804999999998,53,46587.93,72.0,Greed,75.0
2024-06-11,4320.631811,123,373279.92,74.0,Greed,72.0
2024-06-12,-21886.531493,254,193407.96,72.0,Greed,74.0
2024-06-13,6632.757115,79,132577.22,70.0,Greed,72.0
2024-06-14,10258.592609,31,139868.66,74.0,Greed,70.0
2024-06-15,3369.958346,78,718350.25,74.0,Greed,74.0
2024-06-16,0.0,11,25235.079999999998,71.0,Greed,74.0
2024-06-17,10599.502375,38,368380.12,71.0,Greed,71.0
2024-06-18,282.57636,25,263314.79,74.0,Greed,71.0
2024-06-19,4887.656944,61,417071.12,64.0,Greed,74.0
2024-06-20,57478.456026,39,207990.8,60.0,Greed,64.0
2024-06-21,773.5582039999999,80,176264.49,63.0,Greed,60.0
2024-06-22,756.876565,24,169594.27000000002,53.0,Neutral,63.0
2024-06-23,0.0,5,1792.12,55.0,Greed,53.0
2024-06-24,0.0,31,403002.8,51.0,Neutral,55.0
2024-06-25,4869.353105,49,103099.08,30.0,Fear,51.0
2024-06-26,4197.732182,72,365190.66000000003,46.0,Neutral,30.0
2024-06-27,0.0,30,130486.95,40.0,Fear,46.0
2024-06-29,6150.326145,75,280095.11,30.0,Fear,40.0
2024-06-30,0.0,14,30520.69,47.0,Neutral,30.0
2024-07-01,5065.839308,64,362670.14999999997,53.0,Neutral,47.0
2024-07-02,2421.253116,18,33347.47,51.0,Neutral,53.0
2024-07-03,1118.387284,18,179600.66,50.0,Neutral,51.0
2024-07-04,0.0,25,430568.01,44.0,Fear,50.0
2024-07-05,0.0,32,272289.89,29.0,Fear,44.0
2024-07-06,108.87217799999999,24,2490.17,26.0,Fear,29.0
2024-07-07,61.428942,10,498.75,29.0,Fear,26.0
2024-07-08,0.0,1,497.64,28.0,Fear,29.0
2024-07-09,648.984412,15,2736.45,27.0,Fear,28.0
2024-07-10,11977.734907,56,687900.21,28.0,Fear,27.0
2024-07-11,1876.812082,19,169887.02,29.0,Fear,28.0
2024-07-12,1412.314654,19,89582.97,25.0,Fear,29.0
2024-07-13,2913.617837,17,139189.19,25.0,Fear,25.0
2024-07-14,0.0,7,84001.13,33.0,Fear,25.0
2024-07-15,-1.0,26,198344.85,52.0,Neutral,33.0
2024-07-16,0.0,22,144000.57,65.0,Greed,52.0
2024-07-17,1859.269477,351,626005.53,69.0,Greed,65.0
2024-07-18,3803.884311,60,649704.85,61.0,Greed,69.0
2024-07-19,2155.891114,23,150269.42,60.0,Greed,61.0
2024-07-20,2299.169566,266,244362.21,74.0,Greed,60.0
2024-07-21,-2960.716887,448,234307.46,74.0,Greed,74.0
2024-07-22,1517.119876,154,304213.8,70.0,Greed,74.0
2024-07-23,89890.302206,370,358526.54,71.0,Greed,70.0
2024-07-24,625.561479,90,69207.93,69.0,Greed,71.0
2024-07-25,916.7382600000001,78,528555.31,68.0,Greed,69.0
2024-07-26,2766.513113,152,548587.65,68.0,Greed,68.0
2024-07-27,6400.623656,57,905199.75,72.0,Greed,68.0
2024-07-28,587.29903,16,43254.68,71.0,Greed,72.0
2024-07-29,330.80445399999996,39,327199.14,74.0,Greed,71.0
2024-07-30,0.0,6,36006.47,67.0,Greed,74.0
2024-07-31,765.690884,43,84506.54,61.0,Greed,67.0
2024-08-01,167.080017,57,227774.53,52.0,Neutral,61.0
2024-08-02,782.3681909999999,63,396320.37,57.0,Greed,52.0
2024-08-03,464.1897,37,290532.86,37.0,Fear,57.0
2024-08-04,-122672.000883,127,1207744.07,34.0,Fear,37.0
2024-08-05,-13013.665169,80,420495.4,26.0,Fear,34.0
2024-08-06,267.318048,107,61478.38,17.0,Extreme Fear,26.0
2024-08-07,188.789255,33,2492.77,29.0,Fear,17.0
2024-08-08,-40.712216999999995,9,16299.35,20.0,Extreme Fear,29.0
2024-08-09,18082.071276,144,503204.86,48.0,Neutral,20.0
2024-08-10,0.0,88,11339.29,40.0,Fear,48.0
2024-08-11,847.7766200000001,24,44230.21,39.0,Fear,40.0
2024-08-12,858.6705000000001,48,54167.32,25.0,Fear,39.0
2024-08-13,212.08102,23,20797.87,31.0,Fear,25.0
2024-08-14,2168.9015130000003,25,66710.03,30.0,Fear,31.0
2024-08-15,0.0,12,1522.3700000000001,29.0,Fear,30.0
2024-08-16,825.230544,35,166382.84,27.0,Fear,29.0
2024-08-17,-288.283113,30,30248.96,25.0,Fear,27.0
2024-08-18,307.201888,15,62804.48,31.0,Fear,25.0
2024-08-19,339.69958299999996,8,100315.03,28.0,Fear,31.0
2024-08-20,192.602844,12,49914.8,30.0,Fear,28.0
2024-08-21,656.200925,145,104990.41,26.0,Fear,30.0
2024-08-23,1005.30527,10,63509.56,34.0,Fear,26.0
2024-08-24,0.0,7,34999.67,56.0,Greed,34.0
2024-08-25,0.0,17,21950.28,54.0,Neutral,56.0
2024-08-26,231.236918,6,92611.27,55.0,Greed,54.0
2024-08-27,0.0,50,70250.16,48.0,Neutral,55.0
2024-08-28,1333.359645,9,71160.06999999999,30.0,Fear,48.0
2024-08-29,0.0,1,9995.85,29.0,Fear,30.0
2024-08-30,256.464,6,37233.24,34.0,Fear,29.0
2024-08-31,10.882801,34,107507.43000000001,29.0,Fear,34.0
2024-09-01,137.433093,12,12359.68,26.0,Fear,29.0
2024-09-02,0.0,2,30000.42,26.0,Fear,26.0
2024-09-04,1065.785132,34,131480.97,27.0,Fear,26.0
2024-09-05,0.0,1,0.84,29.0,Fear,27.0
2024-09-06,-1104.856765,42,39047.1,22.0,Extreme Fear,29.0
2024-09-08,0.0,1,0.11,29.0,Fear,22.0
2024-09-09,0.0,2,4014.4300000000003,26.0,Fear,29.0
2024-09-10,-219.729659,3,2547.28,33.0,Fear,26.0
2024-09-11,0.0,1,0.54,37.0,Fear,33.0
2024-09-14,0.0,11,1014.8000000000001,50.0,Neutral,37.0
2024-09-18,-878.684794,145,13633.5,45.0,Neutral,50.0
2024-09-19,0.0,19,1521.8700000000001,49.0,Neutral,45.0
2024-09-20,9585.03428,16,332873.38,54.0,Neutral,49.0
2024-09-21,36165.56933,23,165648.12,54.0,Neutral,54.0
2024-09-22,0.0,3,19999.739999999998,52.0,Neutral,54.0
2024-09-23,334.760796,2,40334.29,50.0,Neutral,52.0
2024-09-24,0.0,10,7118.63,54.0,Neutral,50.0
2024-09-25,0.0,9,52754.130000000005,59.0,Greed,54.0
2024-09-26,439.812513,8,113711.93000000001,50.0,Neutral,59.0
2024-09-27,0.0,56,126097.04,61.0,Greed,50.0
2024-09-28,0.0,4,29199.21,64.0,Greed,61.0
2024-09-30,2710.626288,106,214669.85,61.0,Greed,64.0
2024-10-01,0.0,4,139954.32,50.0,Neutral,61.0
2024-10-02,0.0,4,99954.34,42.0,Fear,50.0
2024-10-03,100.375782,9,132935.69,37.0,Fear,42.0
2024-10-04,0.0,1,0.34,41.0,Fear,37.0
2024-10-05,5767.161892,37,605605.74,49.0,Neutral,41.0
2024-10-06,130.487079,22,300130.56,50.0,Neutral,49.0
2024-10-07,0.0,21,219984.65,50.0,Neutral,50.0
2024-10-08,5396.546638,36,434584.13,49.0,Neutral,50.0
2024-10-09,396.06272,14,220399.93,49.0,Neutral,49.0
2024-10-10,0.0,16,300024.33999999997,39.0,Fear,49.0
2024-10-11,8885.327477,26,488904.19,32.0,Fear,39.0
2024-10-12,541.55471,10,159713.4,49.0,Neutral,32.0
2024-10-13,0.0,10,60002.42,50.0,Neutral,49.0
2024-10-14,1913.61958,5,61916.020000000004,48.0,Neutral,50.0
2024-10-15,1170.2260760000001,7,81173.36,65.0,Greed,48.0
2024-10-16,219.480876,11,80229.17,73.0,Greed,65.0
2024-10-17,36.11496,9,140531.75,71.0,Greed,73.0
2024-10-18,333.219141,6,120331.43000000001,73.0,Greed,71.0
2024-10-19,0.0,4,99996.86,72.0,Greed,73.0
2024-10-20,389.155797,96,176447.86000000002,73.0,Greed,72.0
2024-10-21,2464.915564,173,324117.99,72.0,Greed,73.0
2024-10-22,0.0,3,60000.36,70.0,Greed,72.0
2024-10-23,-46.489941,18,210006.07,71.0,Greed,70.0
2024-10-25,13235.862071,30,427883.18,72.0,Greed,71.0
2024-10-26,42471.99413,6,88668.86,,,72.0
2024-10-27,666.6623079999999,4,90664.41,74.0,Greed,
2024-10-28,167.28016200000002,13,121495.25,72.0,Greed,74.0
2024-10-29,801.170876,53,613267.8099999999,72.0,Greed,72.0
2024-10-30,9.150023,25,11830.85,77.0,Extreme Greed,72.0
2024-10-31,1214.043811,48,896173.36,77.0,Extreme Greed,77.0
2024-11-01,1040.475736,23,260981.03,75.0,Extreme Greed,77.0
2024-11-02,0.0,2,40000.0,72.0,Greed,75.0
2024-11-03,0.0,6,129055.66,74.0,Greed,72.0
2024-11-04,2799.410474,36,451811.97,70.0,Greed,74.0
2024-11-05,678.4759280000001,10,200627.23,70.0,Greed,70.0
2024-11-06,2817.83723,15,123906.9,70.0,Greed,70.0
2024-11-07,4493.353136,113,111335.3,77.0,Extreme Greed,70.0
2024-11-08,-64.41354100000007,39,270700.44,75.0,Extreme Greed,77.0
2024-11-09,102.90894,86,193384.41,75.0,Extreme Greed,75.0
2024-11-10,991.114334,173,413636.7,78.0,Extreme Greed,75.0
2024-11-11,6749.630996,373,1570572.42,76.0,Extreme Greed,78.0
2024-11-12,3494.399394,171,1226354.52,80.0,Extreme Greed,76.0
2024-11-13,7846.402274,48,515336.37,84.0,Extreme Greed,80.0
2024-11-14,4563.509225,110,1008361.81,88.0,Extreme Greed,84.0
2024-11-15,4140.740438,149,1427858.42,80.0,Extreme Greed,88.0
2024-11-16,2769.521909,157,303296.07,86.0,Extreme Greed,80.0
2024-11-17,882.975285,209,1215987.57,90.0,Extreme Greed,86.0
2024-11-18,4470.815187,346,2084339.58,83.0,Extreme Greed,90.0
2024-11-19,2958.268991,305,628031.15,90.0,Extreme Greed,83.0
2024-11-20,4210.0928969999995,550,1999514.1199999999,83.0,Extreme Greed,90.0
2024-11-21,1692.430891,535,598300.62,82.0,Extreme Greed,83.0
2024-11-22,-18105.345617,679,1646713.62,94.0,Extreme Greed,82.0
2024-11-23,2901.531638,363,516245.68,93.0,Extreme Greed,94.0
2024-11-24,945.550386,172,664952.28,80.0,Extreme Greed,93.0
2024-11-25,5523.740734,255,937410.87,82.0,Extreme Greed,80.0
2024-11-26,1094.809359,302,1146902.44,79.0,Extreme Greed,82.0
2024-11-27,-2654.495633,213,1444242.53,75.0,Extreme Greed,79.0
2024-11-28,-127075.39958499999,332,1894225.15,77.0,Extreme Greed,75.0
2024-11-29,176844.994152,393,794262.91,78.0,Extreme Greed,77.0
2024-11-30,37316.69352,373,1732193.7,84.0,Extreme Greed,78.0
2024-12-01,40886.364494,416,814711.82,81.0,Extreme Greed,84.0
2024-12-02,18489.604313,270,585243.56,80.0,Extreme Greed,81.0
2024-12-03,23576.539285,374,1084666.53,76.0,Extreme Greed,80.0
2024-12-04,292891.815021,319,769287.65,78.0,Extreme Greed,76.0
2024-12-05,71574.11848800001,456,1256750.79,84.0,Extreme Greed,78.0
2024-12-06,-92624.643895,403,3471019.22,72.0,Greed,84.0
2024-12-07,85906.279067,304,451733.42,75.0,Extreme Greed,72.0
2024-12-08,15965.933436,420,932939.72,79.0,Extreme Greed,75.0
2024-12-09,6310.967676,539,983949.68,78.0,Extreme Greed,79.0
2024-12-10,39325.770231,1596,3150424.08,78.0,Extreme Greed,78.0
2024-12-11,319051.554217,1221,2194098.33,74.0,Greed,78.0
2024-12-12,599151.795008,1932,4557189.87,83.0,Extreme Greed,74.0
2024-12-13,31935.901745,1173,2880824.64,76.0,Extreme Greed,83.0
2024-12-14,167801.399244,1235,2369561.78,83.0,Extreme Greed,76.0
2024-12-15,97525.315279,1697,2583269.81,80.0,Extreme Greed,83.0
2024-12-16,166774.344133,1055,2740808.97,83.0,Extreme Greed,80.0
2024-12-17,219591.305172,1941,5233597.63,87.0,Extreme Greed,83.0
2024-12-18,13682.994673,1429,3798887.07,81.0,Extreme Greed,87.0
2024-12-19,62744.004486000005,3339,8241709.39,75.0,Extreme Greed,81.0
2024-12-20,254969.660039,2488,7681274.71,74.0,Greed,75.0
2024-12-21,150022.163157,1681,4382875.12,73.0,Greed,74.0
2024-12-22,352197.163973,774,3087320.22,73.0,Greed,73.0
2024-12-23,-29430.626577,2347,6771878.26,70.0,Greed,73.0
2024-12-24,14813.780116,338,1767036.11,73.0,Greed,70.0
2024-12-25,756.6570469999998,208,347889.35,73.0,Greed,73.0
2024-12-26,60228.639722,697,2205242.65,79.0,Extreme Greed,73.0
2024-12-27,2672.811035,260,347913.0,74.0,Greed,79.0
2024-12-28,940.673623,161,281555.01,72.0,Greed,74.0
2024-12-29,2884.067927,201,344628.54,73.0,Greed,72.0
2024-12-30,9009.738137,304,1073865.73,65.0,Greed,73.0
2024-12-31,5445.01281,306,877164.62,64.0,Greed,65.0
2025-01-01,-9528.065345,96,282582.1,66.0,Greed,64.0
2025-01-02,8716.519087,361,774674.84,70.0,Greed,66.0
2025-01-03,6028.486793,508,771208.99,74.0,Greed,70.0
2025-01-04,2553.537968,371,1826029.6199999999,73.0,Greed,74.0
2025-01-05,3187.719363,239,451943.57,72.0,Greed,73.0
2025-01-06,6064.185393,573,556526.99,76.0,Extreme Greed,72.0
2025-01-07,16098.227531,637,1313178.1,78.0,Extreme Greed,76.0
2025-01-08,130117.090554,1039,3177275.18,70.0,Greed,78.0
2025-01-09,46975.928902,522,1020733.25,69.0,Greed,70.0
2025-01-10,-10116.875552,819,6547449.68,50.0,Neutral,69.0
2025-01-11,2269.080536,283,1658098.71,69.0,Greed,50.0
2025-01-12,5742.241803,602,2258459.17,62.0,Greed,69.0
2025-01-13,9655.429352,408,2936648.0100000002,61.0,Greed,62.0
2025-01-14,16069.512355,275,876581.97,63.0,Greed,61.0
2025-01-15,14819.5883,267,1801599.8900000001,70.0,Greed,63.0
2025-01-16,20807.709328,371,3049692.96,75.0,Extreme Greed,70.0
2025-01-17,7006.415608,238,1110230.46,75.0,Extreme Greed,75.0
2025-01-18,443.2330819999997,651,2711629.88,77.0,Extreme Greed,75.0
2025-01-19,87923.799302,1567,9715215.3,77.0,Extreme Greed,77.0
2025-01-20,87277.239173,1315,8287327.01,76.0,Extreme Greed,77.0
2025-01-21,11077.839421,530,1523729.82,76.0,Extreme Greed,76.0
2025-01-22,20524.408057,832,1778406.43,84.0,Extreme Greed,76.0
2025-01-23,101256.24216,1218,3697028.66,75.0,Extreme Greed,84.0
2025-01-24,10602.779738,874,1611433.45,75.0,Extreme Greed,75.0
2025-01-25,-10348.016255999999,506,1239377.7,75.0,Extreme Greed,75.0
2025-01-26,40823.466668,451,1201173.66,73.0,Greed,75.0
2025-01-27,41331.765392,773,1508028.31,71.0,Greed,73.0
2025-01-28,17979.613973,498,579412.17,72.0,Greed,71.0
2025-01-29,23421.01147,910,1897513.41,72.0,Greed,72.0
2025-01-30,23097.471385,1067,3014397.17,70.0,Greed,72.0
2025-01-31,35868.296773,1016,2783411.48,76.0,Extreme Greed,70.0
2025-02-01,32300.205017,634,1363746.44,68.0,Greed,76.0
2025-02-02,162854.759623,1319,5661092.29,60.0,Greed,68.0
2025-02-03,348871.326269,2380,22592901.37,44.0,Fear,60.0
2025-02-04,416876.88812,2512,15678409.27,72.0,Greed,44.0
2025-02-05,56706.235562,1297,8743231.51,54.0,Neutral,72.0
2025-02-06,33803.799733,1703,2818508.87,49.0,Neutral,54.0
2025-02-07,22450.002091,1524,3460263.54,44.0,Fear,49.0
2025-02-08,586.703253,575,839734.97,44.0,Fear,44.0
2025-02-09,150551.829492,764,2920919.7,46.0,Neutral,44.0
2025-02-10,63908.49465,889,3624958.44,43.0,Fear,46.0
2025-02-11,-6093.784817,848,2797544.17,47.0,Neutral,43.0
2025-02-12,19848.635032,1031,4143974.54,46.0,Neutral,47.0
2025-02-13,27829.534238,1370,3199852.21,50.0,Neutral,46.0
2025-02-14,213860.675308,1655,4007103.42,48.0,Neutral,50.0
2025-02-15,45042.92701,932,1712852.95,50.0,Neutral,48.0
2025-02-16,2369.478425,681,806177.64,54.0,Neutral,50.0
2025-02-17,1818.573295,941,2031044.64,51.0,Neutral,54.0
2025-02-18,91204.672403,1676,3371128.68,47.0,Neutral,51.0
2025-02-19,14985.794701,1361,3263930.24,44.0,Fear,47.0
2025-02-20,46008.794102,2012,4628609.29,49.0,Neutral,44.0
2025-02-21,119693.49395,1873,3972159.88,55.0,Greed,49.0
2025-02-22,25278.704178,686,3175570.2,49.0,Neutral,55.0
2025-02-23,10656.934251,520,1141310.74,50.0,Neutral,49.0
2025-02-24,38470.176242,5616,11223619.59,49.0,Neutral,50.0
2025-02-25,204762.177034,6246,19414984.36,25.0,Fear,49.0
2025-02-26,63229.063129,1176,4946958.13,21.0,Extreme Fear,25.0
2025-02-27,-36525.167517,890,1999898.43,10.0,Extreme Fear,21.0
2025-02-28,225628.108748,1019,4123660.77,16.0,Extreme Fear,10.0
2025-03-01,10596.108968,174,263824.13,20.0,Extreme Fear,16.0
2025-03-02,66914.320708,532,6460848.74,26.0,Fear,20.0
2025-03-03,616413.032233,1482,8244590.38,33.0,Fear,26.0
2025-03-04,182075.566585,2402,11124247.15,15.0,Extreme Fear,33.0
2025-03-05,269328.365917,1660,9193654.22,20.0,Extreme Fear,15.0
2025-03-06,16101.125561,760,6765324.96,25.0,Fear,20.0
2025-03-07,150236.061627,2552,19854275.48,34.0,Fear,25.0
2025-03-08,24700.773359,529,892083.51,28.0,Fear,34.0
2025-03-09,19773.457395,1422,10419697.99,27.0,Fear,28.0
2025-03-10,-10010.027269999999,2911,16811790.68,20.0,Extreme Fear,27.0
2025-03-11,-76880.729036,3286,14016952.09,24.0,Extreme Fear,20.0
2025-03-12,288105.984215,3968,18618139.15,34.0,Fear,24.0
2025-03-13,14114.870873,962,3285591.22,45.0,Neutral,34.0
2025-03-14,68646.160089,2210,8047187.16,27.0,Fear,45.0
2025-03-15,78694.624572,261,2355749.54,46.0,Neutral,27.0
2025-03-16,-7910.943544999999,530,10187921.51,30.0,Fear,46.0
2025-03-17,26163.906513,920,3592895.05,32.0,Fear,30.0
2025-03-18,72322.788824,834,4050655.47,34.0,Fear,32.0
2025-03-19,29374.682341,1612,4598813.57,32.0,Fear,34.0
2025-03-20,10246.859436,771,1652257.93,49.0,Neutral,32.0
2025-03-21,6951.270374,698,2543903.39,31.0,Fear,49.0
2025-03-22,12498.535254,535,971809.42,32.0,Fear,31.0
2025-03-23,14047.421585,447,2593519.67,30.0,Fear,32.0
2025-03-24,107878.961301,1027,3017587.05,45.0,Neutral,30.0
2025-03-25,32030.90678,791,5372519.77,46.0,Neutral,45.0
2025-03-26,15802.167427,3102,7597754.37,47.0,Neutral,46.0
2025-03-27,58825.359221,785,3240279.46,40.0,Fear,47.0
2025-03-28,21337.179335,728,1483092.61,44.0,Fear,40.0
2025-03-29,12098.872931,1894,3668151.83,26.0,Fear,44.0
2025-03-30,15795.11514,568,2850874.96,32.0,Fear,26.0
2025-03-31,6978.184557,495,2164772.4699999997,34.0,Fear,32.0
2025-04-01,-2202.6622420000003,192,704445.1900000001,34.0,Fear,34.0
2025-04-02,202212.740938,1076,3867930.6,44.0,Fear,34.0
2025-04-03,-2365.961276,1748,8670233.15,25.0,Fear,44.0
2025-04-04,-25515.678949999998,1272,3835545.73,28.0,Fear,25.0
2025-04-05,35907.33771,360,1267564.22,30.0,Fear,28.0
2025-04-06,47053.449272,1048,3551252.06,34.0,Fear,30.0
2025-04-07,34527.370305,2814,14460253.14,23.0,Extreme Fear,34.0
2025-04-08,34899.394798,943,8869391.4,24.0,Extreme Fear,23.0
2025-04-09,43120.444797,3967,28556806.47,18.0,Extreme Fear,24.0
2025-04-10,158261.822261,2127,28741953.29,39.0,Fear,18.0
2025-04-11,126406.479081,1096,11319327.07,25.0,Fear,39.0
2025-04-12,410419.694533,2109,55914617.49,43.0,Fear,25.0
2025-04-13,48696.021521,1321,14171154.79,45.0,Neutral,43.0
2025-04-14,45680.443063,890,13079972.98,31.0,Fear,45.0
2025-04-15,72357.706282,1131,20752168.24,38.0,Fear,31.0
2025-04-16,58631.730257,1608,36502715.9,29.0,Fear,38.0
2025-04-17,5427.919886,1031,2604551.51,30.0,Fear,29.0
2025-04-18,4880.4047439999995,1894,24610650.46,33.0,Fear,30.0
2025-04-19,71950.577495,2786,32706462.71,32.0,Fear,33.0
2025-04-20,25060.341936,1982,12126094.05,37.0,Fear,32.0
2025-04-21,34369.267906999994,1718,42104054.84,39.0,Fear,37.0
2025-04-22,58652.763578,2998,33753625.24,47.0,Neutral,39.0
2025-04-23,-419020.225731,6159,30682443.79,72.0,Greed,47.0
2025-04-24,50704.395965,2232,35088918.64,63.0,Greed,72.0
2025-04-25,20218.859206,1653,27749455.78,60.0,Greed,63.0
2025-04-26,-4125.753942,1131,11948127.77,65.0,Greed,60.0
2025-04-27,2702.067468,337,487537.69,61.0,Greed,65.0
2025-04-28,36906.813759,1379,26124921.49,54.0,Neutral,61.0
2025-04-29,125749.613427,2243,34089511.66,60.0,Greed,54.0
2025-04-30,14003.797269,1113,12693878.85,56.0,Greed,60.0
2025-05-01,54536.829297000004,1230,10720240.52,53.0,Neutral,56.0
